Rating,Average Score
e,2.888888888888889
g,1.108433734939759
q,1.25
s,1.3478260869565217
