Rating,Average Score
e,2.1666666666666665
g,0.6666666666666666
q,0.6666666666666666
s,1.2325581395348837
