Rating,Average Score
e,2.75
g,0.7037037037037037
q,0.75
s,1.3529411764705883
